"DESCRIPTION","DURATION IN MS","NAME","PARENT SUITE","START TIME","STATUS","STOP TIME","SUB SUITE","SUITE","TEST CLASS","TEST METHOD"
"inventory.feature: A product is on the page","2572","test_a_product_is_on_the_page[Headphones Noise Cancelling]","","2026-10-08","passed","2026-10-08","","test_inventory","",""
"inventory.feature: A product is on the page","1354","test_a_product_is_on_the_page[Keyboard RGB]","","2026-10-08","passed","2026-10-08","","test_inventory","",""
"inventory.feature: A product is on the page","1427","test_a_product_is_on_the_page[Monitor 4K]","","2026-10-08","passed","2026-10-08","","test_inventory","",""
"e-commers.feature: A product is on the page","1391","test_e_commerce_product_is_on_the_page[Wireless Mouse]","","2026-10-08","passed","2026-10-08","","test_e-commers","",""
"inventory.feature: A product is on the page","1321","test_a_product_is_on_the_page[Coca Cola 250ml]","","2026-10-08","passed","2026-10-08","","test_inventory","",""
"login.feature: Empty form asks for email and password","2827","test_empty_form_asks_for_email_and_password","","2026-10-08","passed","2026-10-08","","test_login","",""
"login.feature: Wrong credentials show an error","2592","test_wrong_credentials_show_an_error[user@premiumbank.com-wrong-password]","","2026-10-08","passed","2026-10-08","","test_login","",""
"inventory.feature: A product is on the page","1470","test_a_product_is_on_the_page[Wireless Mouse]","","2026-10-08","passed","2026-10-08","","test_inventory","",""
"e-commers.feature: A product is on the page","2021","test_e_commerce_product_is_on_the_page[Keyboard RGB]","","2026-10-08","passed","2026-10-08","","test_e-commers","",""
"login.feature: Wrong credentials show an error","3923","test_wrong_credentials_show_an_error[wrong@example.com-wrong-password]","","2026-10-08","passed","2026-10-08","","test_login","",""
"e-commers.feature: A product is on the page","2269","test_e_commerce_product_is_on_the_page[Headphones Noise Cancelling]","","2026-10-08","passed","2026-10-08","","test_e-commers","",""
"inventory.feature: A product is on the page","2311","test_a_product_is_on_the_page[External SSD 1TB]","","2026-10-08","passed","2026-10-08","","test_inventory","",""
"e-commers.feature: A product is on the page","1337","test_e_commerce_product_is_on_the_page[External SSD 1TB]","","2026-10-08","passed","2026-10-08","","test_e-commers","",""
"inventory.feature: A product is on the page","1337","test_a_product_is_on_the_page[Laptop Pro]","","2026-10-08","passed","2026-10-08","","test_inventory","",""
"login.feature: Valid user sees a success message","2900","test_valid_user_sees_a_success_message","","2026-10-08","passed","2026-10-08","","test_login","",""
"","0","test_calculate_discount","","2026-10-08","failed","2026-10-08","","tdd","",""
"e-commers.feature: A product is on the page","1412","test_e_commerce_product_is_on_the_page[Laptop Pro]","","2026-10-08","passed","2026-10-08","","test_e-commers","",""
"inventory.feature: A product is on the page","1352","test_a_product_is_on_the_page[Mango Drink]","","2026-10-08","passed","2026-10-08","","test_inventory","",""
